date_mutation,prix,surface,commune,type_local,nb_pieces,code_postal,prix_m2
2023-01-15,250000,65,PARIS,Appartement,2,75001,3846
2023-01-20,180000,45,LYON,Appartement,1,69001,4000
2023-02-03,320000,85,MARSEILLE,Appartement,3,13001,3765
2023-02-10,450000,120,PARIS,Appartement,4,75015,3750
2023-02-15,95000,55,TOULOUSE,Appartement,2,31000,1727
2023-03-01,380000,95,NICE,Appartement,3,06000,4000
2023-03-08,275000,75,STRASBOURG,Appartement,3,67000,3667
2023-03-15,420000,110,BORDEAUX,Maison,4,33000,3818
2023-03-22,195000,60,NANTES,Appartement,2,44000,3250
2023-04-05,350000,90,MONTPELLIER,Appartement,3,34000,3889
2023-04-12,485000,135,PARIS,Appartement,4,75008,3593
2023-04-19,265000,70,LILLE,Appartement,2,59000,3786
2023-05-02,310000,80,RENNES,Appartement,3,35000,3875
2023-05-09,445000,115,PARIS,Appartement,4,75016,3870
2023-05-16,175000,50,CLERMONT-FERRAND,Appartement,2,63000,3500
2023-06-01,520000,140,PARIS,Maison,5,75019,3714
2023-06-08,285000,75,TOURS,Appartement,3,37000,3800
2023-06-15,395000,100,AIX-EN-PROVENCE,Appartement,3,13100,3950
2023-07-02,225000,65,ORLEANS,Appartement,2,45000,3462
2023-07-09,365000,85,ANGERS,Appartement,3,49000,4294
2023-07-16,475000,125,PARIS,Appartement,4,75017,3800
2023-08-01,205000,55,LIMOGES,Appartement,2,87000,3727
2023-08-08,335000,90,DIJON,Appartement,3,21000,3722
2023-08-15,415000,105,GRENOBLE,Appartement,4,38000,3952
2023-09-02,245000,70,CAEN,Appartement,3,14000,3500
2023-09-09,385000,95,NANCY,Appartement,3,54000,4053
2023-09-16,455000,120,PARIS,Appartement,4,75020,3792
2023-10-01,295000,80,METZ,Appartement,3,57000,3688
2023-10-08,325000,85,BESANCON,Appartement,3,25000,3824
2023-10-15,545000,150,PARIS,Maison,5,75012,3633
2023-11-02,275000,75,REIMS,Appartement,3,51100,3667
2023-11-09,355000,90,ROUEN,Appartement,3,76000,3944
2023-11-16,425000,110,LYON,Appartement,4,69002,3864
2023-12-01,185000,50,AMIENS,Appartement,2,80000,3700
2023-12-08,315000,85,MULHOUSE,Appartement,3,68100,3706
2024-01-10,465000,125,PARIS,Appartement,4,75003,3720
2024-01-17,235000,65,BREST,Appartement,2,29200,3615
2024-01-24,375000,95,SAINT-ETIENNE,Appartement,3,42000,3947
2024-02-02,405000,105,VERSAILLES,Appartement,4,78000,3857
2024-02-09,285000,75,PERPIGNAN,Appartement,3,66000,3800
2024-02-16,345000,90,TROYES,Appartement,3,10000,3833
2024-03-05,525000,145,PARIS,Maison,5,75014,3621
2024-03-12,255000,70,ANNECY,Appartement,3,74000,3643
2024-03-19,395000,100,CANNES,Appartement,3,06400,3950
2024-04-08,215000,60,BOURGES,Appartement,2,18000,3583
2024-04-15,365000,85,VALENCE,Appartement,3,26000,4294
2024-04-22,445000,115,LYON,Appartement,4,69003,3870
2024-05-06,295000,80,LORIENT,Appartement,3,56100,3688
2024-05-13,335000,90,CHAMBERY,Appartement,3,73000,3722
2024-05-20,475000,125,PARIS,Appartement,4,75004,3800
2024-06-03,225000,65,QUIMPER,Appartement,2,29000,3462 2024-06-18,410000,95,BORDEAUX,Appartement,5,33200,4315
2023-07-29,95000,70,SAINT-ETIENNE,Maison,3,42000,1357
2023-03-24,490000,173,CHAMBERY,Maison,7,73000,2832
2023-05-30,300000,127,DIJON,Maison,6,21800,2362
2023-07-09,405000,170,ANGERS,Appartement,7,49000,2382
2023-03-23,155000,70,ROUEN,Maison,3,76800,2214
2024-04-23,1615000,138,PARIS,Maison,5,75002,11702
2024-01-17,80000,59,LIMOGES,Appartement,2,87100,1355
2023-07-19,385000,185,CAEN,Maison,5,14200,2081
2024-06-18,390000,185,CAEN,Appartement,5,14200,2108
2023-08-05,270000,51,MONTPELLIER,Appartement,3,34070,5294
2023-12-28,810000,169,AIX-EN-PROVENCE,Maison,5,13290,4792
2023-04-11,595000,136,NANTES,Appartement,6,44000,4375
2024-05-25,395000,139,VALENCE,Appartement,5,26100,2841
2023-05-04,190000,70,TOURS,Maison,3,37100,2714
2023-07-10,140000,56,BREST,Appartement,3,29200,2500
2023-09-19,200000,70,NANTES,Maison,3,44000,2857
2023-01-09,365000,125,LILLE,Maison,7,59000,2920
2023-03-01,260000,70,BORDEAUX,Maison,3,33100,3714
2023-07-26,165000,102,AMIENS,Appartement,4,80080,1617
2023-09-16,505000,143,MONTPELLIER,Maison,6,34070,3531
2023-12-21,245000,158,BOURGES,Appartement,6,18000,1550
2024-04-10,635000,190,STRASBOURG,Maison,6,67000,3342
2023-07-22,370000,93,GRENOBLE,Appartement,5,38700,3978
2023-05-27,375000,126,GRENOBLE,Maison,6,38000,2976
2023-02-13,110000,70,AMIENS,Maison,3,80000,1571
2024-02-20,320000,84,CHAMBERY,Appartement,3,73100,3809
2023-12-12,670000,144,BORDEAUX,Maison,5,33800,4652
2024-02-07,735000,150,BORDEAUX,Appartement,7,33800,4900
2024-06-28,405000,178,NANCY,Maison,7,54000,2275
2023-11-08,50000,25,SAINT-ETIENNE,Appartement,1,42100,2000
2023-02-09,275000,118,NANCY,Appartement,4,54100,2330
2024-02-28,690000,90,CANNES,Appartement,4,06150,7666
2023-11-05,75000,41,CLERMONT-FERRAND,Appartement,2,63370,1829
2023-05-10,335000,172,BREST,Appartement,6,29200,1947
2024-06-25,1300000,190,CANNES,Maison,6,06400,6842
2024-05-06,155000,63,CAEN,Appartement,4,14700,2460
2023-05-02,350000,94,GRENOBLE,Appartement,4,38000,3723
2023-08-07,185000,141,TROYES,Maison,5,10150,1312
2023-09-21,310000,106,ANGERS,Appartement,4,49100,2924
2023-09-08,1570000,157,PARIS,Maison,5,75016,10000
2024-04-28,205000,111,ORLEANS,Maison,4,45000,1846
2023-12-08,380000,70,CANNES,Maison,3,06400,5428
2023-05-11,365000,190,ROUEN,Maison,5,76000,1921
2023-05-01,530000,115,LYON,Maison,4,69005,4608
2023-06-07,360000,70,NICE,Maison,3,06000,5142
2023-11-15,245000,158,LORIENT,Maison,7,56100,1550
2023-05-10,320000,171,METZ,Maison,5,57100,1871
2023-10-03,355000,178,MULHOUSE,Maison,7,68200,1994
2023-04-10,160000,70,NANCY,Maison,3,54100,2285
2023-12-13,430000,147,ANGERS,Appartement,6,49100,2925
2023-01-27,90000,52,AMIENS,Appartement,3,80090,1730
2023-03-21,110000,70,BREST,Maison,3,29200,1571
2024-04-25,330000,180,METZ,Appartement,5,57100,1833
2023-09-05,480000,197,ROUEN,Maison,6,76600,2436
2023-07-23,465000,191,REIMS,Appartement,6,51687,2434
2023-07-09,935000,134,NICE,Appartement,6,06000,6977
2023-06-21,305000,105,ROUEN,Appartement,5,76300,2904
2023-01-26,300000,126,REIMS,Appartement,7,51100,2380
2023-11-17,515000,121,AIX-EN-PROVENCE,Appartement,6,13290,4256
2023-01-10,1010000,115,PARIS,Maison,5,75019,8782
2024-02-09,670000,179,MONTPELLIER,Maison,6,34090,3743
2023-07-03,235000,70,NANTES,Maison,3,44200,3357
2024-02-10,605000,145,ANNECY,Appartement,7,74000,4172
2023-07-17,195000,48,STRASBOURG,Appartement,3,67200,4062
2024-02-12,220000,70,GRENOBLE,Maison,3,38700,3142
2023-04-11,240000,137,BESANCON,Appartement,7,25056,1751
2024-03-03,270000,160,CAEN,Maison,5,14000,1687
2024-05-13,95000,70,QUIMPER,Maison,3,29000,1357
2023-09-15,680000,120,CANNES,Maison,5,06150,5666
2023-04-24,460000,36,PARIS,Appartement,2,75005,12777
2023-05-29,465000,121,CHAMBERY,Appartement,5,73100,3842
2023-04-26,160000,74,PERPIGNAN,Maison,3,66000,2162
2023-11-11,535000,114,NICE,Maison,5,06000,4692
2024-01-05,445000,112,AIX-EN-PROVENCE,Maison,4,13617,3973
2023-01-14,120000,70,METZ,Maison,3,57100,1714
2023-02-01,735000,156,ANNECY,Appartement,5,74000,4711
2023-12-23,340000,164,ROUEN,Maison,7,76600,2073
2023-09-08,1105000,200,NICE,Appartement,7,06100,5525
2024-02-28,135000,70,DIJON,Maison,3,21121,1928
2023-03-23,200000,79,ANGERS,Appartement,3,49100,2531
2024-04-27,220000,70,STRASBOURG,Maison,3,67200,3142
2023-08-01,590000,188,MARSEILLE,Maison,5,13010,3138
2023-09-15,125000,70,AMIENS,Maison,3,80090,1785
2023-12-10,505000,176,ROUEN,Appartement,5,76100,2869
2023-11-26,325000,164,PERPIGNAN,Appartement,5,66000,1981
2024-03-26,335000,189,SAINT-ETIENNE,Maison,6,42000,1772
2023-03-24,420000,141,LILLE,Appartement,7,59000,2978
2024-06-25,95000,70,LIMOGES,Maison,3,87280,1357
2023-06-04,275000,175,MULHOUSE,Maison,6,68200,1571
2023-02-19,685000,145,BORDEAUX,Appartement,7,33800,4724
2023-11-14,615000,128,AIX-EN-PROVENCE,Appartement,7,13100,4804
2023-12-29,475000,47,PARIS,Appartement,2,75012,10106
2024-04-22,255000,132,QUIMPER,Appartement,5,29300,1931
2023-01-27,225000,77,LILLE,Maison,4,59000,2922
2023-10-22,115000,48,ORLEANS,Appartement,3,45100,2395
2023-11-27,165000,70,TOURS,Maison,3,37200,2357
2023-08-03,555000,175,CHAMBERY,Appartement,7,73100,3171
2023-04-26,185000,100,VALENCE,Maison,5,26000,1850
2023-04-18,450000,93,AIX-EN-PROVENCE,Maison,5,13290,4838
2023-01-02,195000,127,BESANCON,Maison,5,25030,1535
2024-04-30,155000,70,PERPIGNAN,Maison,3,66100,2214
2023-10-31,125000,70,METZ,Maison,3,57070,1785
2023-11-24,470000,198,METZ,Appartement,6,57000,2373
2023-10-19,310000,180,REIMS,Maison,7,51454,1722
2023-05-05,125000,107,TROYES,Maison,5,10000,1168
2023-12-05,365000,137,NANCY,Appartement,6,54000,2664
2023-02-08,170000,100,PERPIGNAN,Maison,4,66100,1700
2023-12-09,180000,70,ANGERS,Maison,3,49100,2571
2024-04-11,410000,64,VERSAILLES,Appartement,4,78150,6406
2023-01-06,100000,58,QUIMPER,Appartement,3,29000,1724
2023-08-12,285000,70,NANTES,Maison,3,44100,4071
2023-12-14,315000,106,STRASBOURG,Appartement,4,67000,2971
2023-08-23,435000,157,CHAMBERY,Maison,5,73100,2770
2024-04-02,290000,132,LILLE,Maison,5,59160,2196
2023-08-15,400000,185,PERPIGNAN,Maison,6,66100,2162
2023-07-09,545000,193,CHAMBERY,Maison,5,73100,2823
2024-06-24,905000,183,MARSEILLE,Appartement,7,13002,4945
2024-03-29,660000,161,GRENOBLE,Appartement,5,38100,4099
2024-03-23,545000,197,PERPIGNAN,Appartement,7,66100,2766
2024-04-27,150000,83,CAEN,Maison,4,14200,1807
2024-06-14,530000,43,PARIS,Appartement,2,75002,12325
2023-07-08,455000,136,NANTES,Maison,7,44000,3345
2023-06-17,215000,117,BESANCON,Maison,5,25000,1837
2023-03-14,855000,158,NICE,Appartement,7,06000,5411
2023-06-10,300000,164,MULHOUSE,Maison,7,68200,1829
2023-04-15,310000,156,METZ,Maison,6,57000,1987
2024-04-23,365000,195,ROUEN,Maison,5,76800,1871
2024-05-01,2055000,188,PARIS,Maison,7,75005,10930
2023-10-17,80000,51,TROYES,Appartement,2,10150,1568
2024-06-17,90000,58,AMIENS,Appartement,3,80000,1551
2023-12-16,125000,70,CLERMONT-FERRAND,Maison,4,63100,1785
2023-02-01,170000,82,SAINT-ETIENNE,Appartement,3,42000,2073
2024-01-21,335000,93,RENNES,Maison,4,35000,3602
2023-07-12,320000,83,MONTPELLIER,Maison,3,34000,3855
2023-04-14,565000,136,MARSEILLE,Maison,5,13012,4154
2023-01-28,450000,106,MARSEILLE,Appartement,4,13014,4245
2023-03-05,240000,128,DIJON,Maison,6,21121,1875
2023-06-09,530000,156,CHAMBERY,Appartement,5,73100,3397
2023-04-23,715000,93,NICE,Appartement,5,06300,7688
2024-05-03,465000,184,ROUEN,Maison,5,76800,2527
2024-06-11,240000,126,QUIMPER,Maison,6,29000,1904
2024-05-19,195000,112,SAINT-ETIENNE,Maison,5,42000,1741
2024-04-25,90000,45,AMIENS,Appartement,3,80090,2000
2024-05-14,390000,175,TOURS,Appartement,6,37200,2228
2024-06-10,445000,132,MONTPELLIER,Maison,6,34000,3371
2023-03-04,415000,85,AIX-EN-PROVENCE,Appartement,3,13540,4882
2024-04-05,225000,83,GRENOBLE,Maison,4,38000,2710
2024-01-09,75000,33,DIJON,Appartement,1,21800,2272
2024-02-11,160000,101,BOURGES,Appartement,5,18000,1584
2024-05-15,780000,200,LYON,Maison,5,69001,3900
2024-04-10,100000,56,SAINT-ETIENNE,Appartement,3,42000,1785
2023-01-11,350000,177,BREST,Maison,6,29200,1977
2023-02-10,500000,148,STRASBOURG,Maison,6,67100,3378
2023-08-26,140000,70,NANCY,Maison,3,54100,2000
2023-03-20,125000,70,CLERMONT-FERRAND,Maison,3,63370,1785
2023-02-12,150000,94,LIMOGES,Maison,5,87000,1595
2024-04-25,305000,94,GRENOBLE,Maison,4,38000,3244
2023-04-15,315000,190,CAEN,Maison,7,14200,1657
2023-05-20,545000,149,NANTES,Maison,6,44000,3657
2024-03-04,370000,133,TOURS,Maison,6,37100,2781
2023-10-21,250000,102,ANGERS,Appartement,4,49000,2450
2023-07-29,320000,155,ORLEANS,Maison,6,45100,2064
2024-02-29,1260000,111,PARIS,Maison,4,75015,11351
2023-05-29,375000,129,LILLE,Appartement,7,59777,2906
2023-12-03,285000,135,MULHOUSE,Appartement,5,68100,2111
2023-09-16,105000,45,CLERMONT-FERRAND,Appartement,2,63100,2333
2023-05-22,270000,189,BOURGES,Appartement,5,18230,1428
2023-10-22,375000,164,REIMS,Maison,5,51100,2286
2023-04-28,225000,69,GRENOBLE,Appartement,3,38000,3260
2023-03-09,110000,37,VALENCE,Appartement,2,26100,2972
2023-03-17,735000,194,GRENOBLE,Appartement,6,38700,3788
2023-03-28,70000,25,ROUEN,Appartement,1,76300,2800
2024-03-14,230000,61,MARSEILLE,Appartement,3,13016,3770
2023-04-21,375000,163,CLERMONT-FERRAND,Appartement,7,63100,2300
2024-02-28,410000,195,NANCY,Maison,7,54100,2102
2023-06-22,360000,137,DIJON,Appartement,5,21240,2627
2023-10-18,810000,163,VERSAILLES,Maison,7,78000,4969
2023-10-05,405000,178,PERPIGNAN,Appartement,6,66100,2275
2024-04-02,520000,171,RENNES,Appartement,6,35700,3040
2023-07-05,145000,70,ANGERS,Maison,3,49100,2071
2023-08-08,155000,47,TOULOUSE,Appartement,2,31000,3297
2023-07-26,345000,132,PERPIGNAN,Appartement,7,66100,2613
2024-06-29,400000,163,LILLE,Maison,5,59160,2453
2023-11-22,360000,100,RENNES,Maison,5,35000,3600
2023-03-07,395000,182,ORLEANS,Appartement,7,45100,2170
2024-04-21,185000,89,AMIENS,Appartement,4,80080,2078
2023-02-05,230000,141,SAINT-ETIENNE,Appartement,7,42100,1631
2023-08-13,310000,164,ROUEN,Maison,7,76000,1890
2024-04-05,115000,70,CLERMONT-FERRAND,Maison,3,63100,1642
2024-06-12,455000,75,VERSAILLES,Appartement,4,78150,6066
2024-01-07,585000,157,LILLE,Appartement,7,59800,3726
2024-05-10,600000,117,VERSAILLES,Maison,4,78150,5128
2024-01-03,340000,197,CAEN,Maison,5,14200,1725
2023-10-07,345000,95,MONTPELLIER,Maison,5,34000,3631
2024-03-28,605000,147,AIX-EN-PROVENCE,Appartement,5,13617,4115
2023-04-09,210000,70,GRENOBLE,Maison,3,38000,3000
2024-04-13,205000,100,CLERMONT-FERRAND,Maison,5,63100,2050
2023-01-03,435000,70,CANNES,Maison,3,06150,6214
2023-09-11,545000,146,NANTES,Maison,6,44200,3732
2024-04-19,350000,193,CLERMONT-FERRAND,Maison,5,63000,1813
2023-05-19,745000,136,LYON,Maison,7,69002,5477
2024-03-31,155000,121,LIMOGES,Maison,6,87000,1280
2023-12-20,625000,65,PARIS,Appartement,3,75006,9615
2023-04-10,315000,183,MULHOUSE,Maison,5,68200,1721
2024-04-16,65000,40,LIMOGES,Appartement,2,87280,1625
2023-02-28,275000,124,BESANCON,Appartement,5,25056,2217
2024-03-28,185000,107,BREST,Maison,4,29490,1728
2023-08-05,280000,138,NANCY,Appartement,6,54100,2028
2023-08-03,280000,122,TOURS,Appartement,7,37000,2295
2023-10-19,280000,82,MARSEILLE,Appartement,4,13008,3414
2023-08-21,375000,74,AIX-EN-PROVENCE,Appartement,3,13100,5067
2023-08-12,155000,92,METZ,Maison,4,57070,1684
2024-03-08,555000,140,MARSEILLE,Appartement,5,13009,3964
2024-02-14,170000,130,TROYES,Maison,6,10000,1307
2023-07-03,295000,73,MARSEILLE,Maison,4,13004,4041
2024-01-09,235000,101,VALENCE,Maison,5,26100,2326
2023-01-02,650000,180,STRASBOURG,Appartement,6,67000,3611
2024-05-16,160000,70,DIJON,Maison,3,21121,2285
2023-12-15,400000,70,BORDEAUX,Appartement,3,33000,5714
2024-04-09,380000,182,BREST,Appartement,5,29200,2087
2023-10-11,85000,70,LIMOGES,Maison,3,87100,1214
2023-09-04,910000,119,NICE,Appartement,4,06100,7647
2023-09-15,230000,76,NANTES,Maison,4,44300,3026
2023-04-11,230000,112,TOURS,Maison,5,37200,2053
2023-05-14,70000,70,TROYES,Maison,3,10150,1000
2023-07-11,355000,122,GRENOBLE,Maison,6,38700,2909
2023-03-29,535000,121,BORDEAUX,Appartement,5,33800,4421
2023-11-06,195000,97,LORIENT,Maison,5,56324,2010
2023-03-24,275000,137,METZ,Maison,7,57100,2007
2023-07-28,275000,170,PERPIGNAN,Maison,5,66100,1617
2023-03-31,395000,162,ROUEN,Appartement,6,76300,2438
2023-02-08,220000,119,SAINT-ETIENNE,Appartement,5,42000,1848
2024-04-28,525000,169,LILLE,Appartement,6,59260,3106
2023-05-01,2150000,194,PARIS,Maison,7,75016,11082
2023-12-29,220000,70,MONTPELLIER,Maison,3,34070,3142
2023-04-10,135000,80,PERPIGNAN,Maison,4,66000,1687
2023-08-30,120000,70,LORIENT,Maison,3,56100,1714
2023-07-15,655000,111,VERSAILLES,Appartement,5,78150,5900
2023-05-13,390000,138,ANGERS,Appartement,7,49000,2826
2023-08-16,450000,127,TOULOUSE,Appartement,7,31200,3543
2023-05-25,470000,119,MONTPELLIER,Appartement,5,34080,3949
2023-11-21,225000,79,ROUEN,Appartement,4,76800,2848
2023-03-08,530000,189,ORLEANS,Appartement,6,45100,2804
2024-04-25,865000,157,AIX-EN-PROVENCE,Appartement,7,13540,5509
2023-08-12,275000,106,NANCY,Appartement,4,54100,2594
2023-11-22,370000,193,MULHOUSE,Maison,5,68200,1917
2023-02-10,250000,78,GRENOBLE,Maison,3,38700,3205
2024-01-09,125000,101,BOURGES,Appartement,5,18230,1237
2024-06-12,290000,140,BREST,Maison,5,29490,2071
2023-09-11,1115000,182,CANNES,Appartement,5,06400,6126
2024-05-25,290000,105,RENNES,Maison,4,35700,2761
2023-08-08,150000,70,PERPIGNAN,Maison,3,66000,2142
2023-08-16,445000,166,ORLEANS,Appartement,5,45000,2680
2024-06-17,100000,72,CLERMONT-FERRAND,Maison,4,63370,1388
2023-08-10,260000,142,ANGERS,Maison,5,49000,1830
2024-01-14,440000,162,DIJON,Appartement,7,21000,2716
2023-06-03,545000,107,BORDEAUX,Appartement,5,33200,5093
2024-04-14,105000,71,TROYES,Maison,3,10000,1478
2023-01-10,165000,75,BREST,Appartement,3,29200,2200
2024-06-04,140000,70,ROUEN,Maison,3,76100,2000
2024-05-14,120000,70,LORIENT,Maison,3,56100,1714
2023-06-03,165000,75,METZ,Appartement,3,57100,2200
2023-09-26,275000,59,ANNECY,Appartement,2,74000,4661
2023-12-07,1170000,178,CANNES,Maison,5,06400,6573
2023-12-21,690000,134,CANNES,Maison,5,06400,5149
2023-12-28,155000,75,QUIMPER,Appartement,4,29000,2066
2024-04-01,720000,148,ANNECY,Appartement,7,74000,4864
2023-07-03,210000,163,LIMOGES,Appartement,5,87100,1288
2024-01-30,470000,121,MARSEILLE,Appartement,7,13014,3884
2023-09-03,550000,192,STRASBOURG,Maison,6,67200,2864
2024-05-07,130000,70,BREST,Maison,3,29490,1857
2023-09-11,335000,104,TOULOUSE,Appartement,4,31300,3221
2023-10-28,290000,70,BORDEAUX,Maison,3,33000,4142
2024-03-06,210000,73,STRASBOURG,Maison,3,67200,2876
2023-05-16,280000,70,BORDEAUX,Maison,3,33200,4000
2024-04-14,315000,127,ANGERS,Appartement,6,49000,2480
2024-06-30,205000,61,TOURS,Appartement,3,37100,3360
2023-12-14,170000,70,DIJON,Maison,3,21000,2428
2024-03-22,95000,72,BOURGES,Appartement,4,18000,1319
2024-02-28,230000,45,ANNECY,Appartement,3,74600,5111
2024-01-13,960000,115,CANNES,Appartement,5,06400,8347
2023-10-18,345000,162,BREST,Appartement,6,29490,2129
2024-04-22,130000,89,CLERMONT-FERRAND,Maison,4,63100,1460
2023-08-28,350000,147,ROUEN,Maison,6,76000,2380
2023-04-19,75000,34,BESANCON,Appartement,2,25000,2205
2023-07-20,100000,70,TROYES,Maison,3,10150,1428
2023-05-29,295000,145,ORLEANS,Maison,7,45000,2034
2023-04-17,240000,97,REIMS,Appartement,4,51430,2474
2023-05-17,700000,91,VERSAILLES,Appartement,4,78150,7692
2023-06-27,1850000,161,PARIS,Appartement,5,75012,11490
2023-04-07,100000,70,AMIENS,Maison,4,80090,1428
2024-05-26,555000,164,LILLE,Appartement,6,59000,3384
2024-05-08,940000,108,CANNES,Appartement,5,06150,8703
2023-10-06,310000,119,ANGERS,Maison,4,49000,2605
2024-05-02,250000,184,BOURGES,Appartement,5,18000,1358
2023-07-08,1330000,151,CANNES,Appartement,7,06150,8807
2024-03-10,195000,53,LILLE,Appartement,2,59260,3679
2023-12-18,250000,70,BORDEAUX,Maison,3,33000,3571
2023-12-02,295000,70,AIX-EN-PROVENCE,Maison,3,13617,4214
2023-11-03,315000,125,STRASBOURG,Maison,5,67000,2520
2023-09-22,310000,151,REIMS,Appartement,6,51454,2052
2023-06-04,265000,70,BORDEAUX,Maison,3,33100,3785
2023-11-02,125000,82,AMIENS,Maison,3,80000,1524
2024-05-24,305000,64,NANTES,Appartement,3,44000,4765
2023-01-10,445000,193,REIMS,Appartement,5,51100,2305
2023-11-10,165000,70,REIMS,Maison,3,51687,2357
2023-08-31,485000,187,VALENCE,Appartement,7,26000,2593
2023-09-03,800000,159,LYON,Appartement,6,69003,5031
2023-03-11,380000,178,METZ,Appartement,7,57070,2134
2023-07-25,240000,95,DIJON,Appartement,5,21240,2526
2024-02-06,160000,96,QUIMPER,Maison,4,29300,1666
2023-04-08,510000,81,NICE,Appartement,3,06200,6296
2023-02-24,75000,31,ORLEANS,Appartement,1,45000,2419
2023-01-31,510000,170,DIJON,Appartement,5,21121,3000
2024-03-26,220000,89,BREST,Appartement,3,29200,2471
2023-08-18,230000,138,MULHOUSE,Maison,7,68200,1666
2024-02-06,465000,149,CHAMBERY,Maison,5,73100,3120
2023-10-31,205000,134,LIMOGES,Appartement,5,87100,1529
2023-05-24,100000,28,CHAMBERY,Appartement,2,73000,3571
2024-06-07,225000,155,SAINT-ETIENNE,Maison,5,42000,1451
2024-03-02,260000,132,MULHOUSE,Appartement,7,68200,1969
2023-04-23,75000,45,BREST,Appartement,3,29200,1666
2024-04-18,350000,90,MARSEILLE,Maison,4,13011,3888
2023-10-21,280000,137,AMIENS,Appartement,5,80080,2043
2023-07-19,350000,179,NANCY,Appartement,6,54000,1955
2023-05-18,580000,162,NANTES,Appartement,5,44200,3580
2024-05-13,255000,43,VERSAILLES,Appartement,2,78000,5930
2023-02-11,780000,151,AIX-EN-PROVENCE,Appartement,7,13290,5165
2023-09-10,335000,70,VERSAILLES,Maison,3,78150,4785
2023-12-30,455000,70,NICE,Maison,3,06300,6500
2023-05-25,65000,30,REIMS,Appartement,1,51687,2166
2024-01-23,200000,109,PERPIGNAN,Maison,4,66100,1834
2023-05-16,315000,100,CHAMBERY,Maison,4,73100,3150
2023-04-13,425000,97,MONTPELLIER,Maison,4,34070,4381
2023-04-27,250000,70,AIX-EN-PROVENCE,Maison,3,13617,3571
2024-02-05,65000,40,AMIENS,Appartement,3,80090,1625
2023-08-01,790000,158,LYON,Appartement,5,69001,5000
2023-05-21,395000,169,ANGERS,Appartement,6,49000,2337
2024-03-25,310000,143,LORIENT,Maison,6,56100,2167
2024-05-09,180000,70,LILLE,Maison,3,59777,2571
2024-06-01,580000,171,GRENOBLE,Maison,6,38700,3391
2023-12-11,175000,70,RENNES,Maison,3,35700,2500
2023-03-16,195000,85,QUIMPER,Appartement,4,29300,2294
2023-11-08,565000,181,MONTPELLIER,Maison,7,34090,3121
2024-02-12,155000,70,CAEN,Maison,4,14200,2214
2024-02-10,105000,74,LIMOGES,Appartement,3,87000,1418
2023-04-25,585000,104,VERSAILLES,Appartement,5,78000,5625
2023-01-17,155000,92,CLERMONT-FERRAND,Maison,5,63000,1684
2023-11-29,715000,137,ANNECY,Appartement,6,74000,5218
2023-07-03,195000,70,STRASBOURG,Maison,3,67200,2785
2023-06-06,255000,85,NANTES,Maison,4,44200,3000
2023-05-06,140000,89,LIMOGES,Maison,3,87280,1573
2024-03-03,340000,82,LYON,Maison,4,69007,4146
2024-05-26,140000,95,LIMOGES,Maison,5,87100,1473
2023-11-20,130000,56,ORLEANS,Appartement,3,45100,2321
2023-02-20,855000,98,CANNES,Appartement,4,06400,8724
2024-04-12,285000,142,QUIMPER,Appartement,5,29000,2007
2023-09-28,65000,31,MULHOUSE,Appartement,2,68200,2096
2023-11-09,680000,170,AIX-EN-PROVENCE,Appartement,7,13290,4000
2024-05-02,265000,136,AMIENS,Appartement,6,80090,1948
2023-11-21,145000,73,REIMS,Maison,3,51454,1986
2023-01-16,330000,119,ANGERS,Appartement,5,49000,2773
2024-06-15,220000,70,LILLE,Maison,3,59160,3142
2023-04-15,275000,111,VALENCE,Maison,5,26000,2477
2023-07-09,190000,171,LIMOGES,Maison,7,87000,1111
2024-01-05,235000,163,LIMOGES,Maison,7,87100,1441
2023-04-02,370000,190,CAEN,Appartement,5,14000,1947
2024-06-10,610000,98,NICE,Maison,5,06200,6224
2024-03-20,285000,72,MARSEILLE,Appartement,3,13015,3958
2024-01-21,80000,30,CHAMBERY,Appartement,1,73000,2666
2023-01-07,250000,121,CLERMONT-FERRAND,Appartement,6,63370,2066
2024-04-22,590000,151,AIX-EN-PROVENCE,Appartement,5,13290,3907
2023-09-07,215000,112,CAEN,Appartement,5,14700,1919
2023-07-09,220000,124,QUIMPER,Maison,5,29300,1774
2024-01-25,550000,190,TOULOUSE,Maison,6,31400,2894
2024-04-28,215000,66,TOURS,Appartement,3,37100,3257
2023-01-05,225000,70,STRASBOURG,Appartement,4,67000,3214
2023-06-23,140000,70,VALENCE,Maison,4,26100,2000
2023-06-24,535000,166,CHAMBERY,Maison,7,73100,3222
2023-08-25,145000,92,BESANCON,Appartement,4,25030,1576
2024-03-15,305000,119,ORLEANS,Appartement,5,45000,2563
2023-07-14,225000,70,MONTPELLIER,Maison,3,34090,3214
2024-01-14,255000,51,BORDEAUX,Appartement,3,33000,5000
2023-09-18,110000,47,LORIENT,Appartement,2,56100,2340
2023-04-14,440000,83,NICE,Maison,3,06300,5301
2023-09-22,270000,58,LYON,Appartement,2,69001,4655
2024-01-04,350000,88,TOULOUSE,Appartement,3,31100,3977
2023-06-12,155000,96,LIMOGES,Appartement,4,87100,1614
2024-04-16,170000,34,MONTPELLIER,Appartement,2,34070,5000
2024-04-05,200000,78,DIJON,Appartement,3,21240,2564
2023-01-02,470000,196,DIJON,Appartement,7,21000,2397
2023-03-07,175000,77,ORLEANS,Maison,4,45100,2272
2024-06-16,210000,70,CHAMBERY,Maison,3,73000,3000
2023-11-17,260000,70,AIX-EN-PROVENCE,Maison,3,13100,3714
2024-04-28,155000,61,PERPIGNAN,Appartement,4,66100,2540
2023-06-15,880000,186,LYON,Maison,6,69008,4731
2023-07-12,1640000,165,PARIS,Maison,6,75005,9939
2023-06-27,190000,155,BOURGES,Maison,6,18000,1225
2024-06-22,195000,105,LIMOGES,Appartement,5,87280,1857
2024-05-22,680000,153,AIX-EN-PROVENCE,Maison,7,13290,4444
2023-01-16,70000,32,NANCY,Appartement,1,54100,2187
2023-04-19,370000,95,GRENOBLE,Maison,4,38700,3894
2024-04-13,220000,90,CAEN,Maison,3,14200,2444
2023-09-07,490000,193,ORLEANS,Appartement,6,45000,2538
2023-03-13,585000,136,MARSEILLE,Appartement,6,13006,4301
2024-02-20,185000,70,CHAMBERY,Maison,4,73000,2642
2024-01-29,145000,106,LIMOGES,Appartement,4,87280,1367
2024-05-14,855000,164,NICE,Appartement,5,06200,5213
2024-02-16,265000,140,CLERMONT-FERRAND,Appartement,7,63370,1892
2023-06-13,360000,79,GRENOBLE,Appartement,3,38000,4556
2023-07-18,295000,157,ANGERS,Maison,5,49100,1878
2023-03-20,575000,180,CHAMBERY,Appartement,6,73100,3194
2023-04-14,235000,113,VALENCE,Maison,4,26000,2079
2023-04-02,150000,33,NANTES,Appartement,1,44000,4545
2023-02-10,240000,53,TOULOUSE,Appartement,2,31300,4528
2023-12-02,90000,70,SAINT-ETIENNE,Maison,3,42100,1285
2024-04-13,160000,34,NANTES,Appartement,2,44300,4705
2023-08-03,540000,103,MONTPELLIER,Appartement,5,34000,5242
2024-03-07,165000,112,LIMOGES,Maison,4,87280,1473
2024-04-08,140000,84,AMIENS,Maison,4,80080,1666
2023-01-13,135000,137,BOURGES,Maison,7,18000,985
2023-07-04,360000,156,CLERMONT-FERRAND,Appartement,6,63100,2307
2023-08-30,570000,134,MARSEILLE,Maison,5,13012,4253
2023-02-27,640000,159,RENNES,Appartement,5,35000,4025
2024-04-23,255000,141,MULHOUSE,Maison,6,68100,1808
2023-06-11,250000,114,DIJON,Maison,4,21240,2192
2023-02-13,445000,160,CHAMBERY,Appartement,5,73000,2781
2024-03-01,650000,149,BORDEAUX,Appartement,6,33300,4362
2024-06-24,175000,70,TOURS,Maison,3,37200,2500
2023-05-23,335000,118,VALENCE,Appartement,4,26100,2838
2023-11-15,350000,158,METZ,Maison,7,57070,2215
2024-05-06,305000,122,ANGERS,Maison,7,49000,2500
2023-08-18,290000,124,BREST,Appartement,5,29200,2338
2024-05-10,355000,146,CHAMBERY,Maison,7,73100,2431
2023-06-07,300000,99,LILLE,Maison,4,59160,3030
2023-10-26,215000,142,TROYES,Appartement,6,10000,1514
2024-04-27,150000,80,MULHOUSE,Maison,4,68100,1875
2024-06-06,145000,70,ORLEANS,Maison,3,45100,2071
2024-06-29,205000,46,NANTES,Appartement,2,44300,4456
2024-03-28,565000,194,MARSEILLE,Maison,7,13010,2912
2024-02-25,155000,104,AMIENS,Appartement,4,80080,1490
2024-03-16,450000,146,MONTPELLIER,Maison,6,34000,3082
2023-05-30,410000,123,MARSEILLE,Maison,5,13005,3333
2023-11-22,180000,92,LORIENT,Appartement,4,56324,1956
2023-07-12,760000,151,MONTPELLIER,Appartement,7,34090,5033
2024-03-26,125000,72,BREST,Appartement,3,29490,1736
2023-07-19,440000,96,BORDEAUX,Maison,4,33100,4583
2023-02-13,55000,39,BOURGES,Appartement,2,18230,1410
2023-08-19,125000,70,QUIMPER,Maison,3,29000,1785
2023-12-30,245000,119,PERPIGNAN,Appartement,5,66100,2058
2023-01-14,140000,70,BREST,Maison,3,29200,2000
2023-09-22,795000,186,AIX-EN-PROVENCE,Maison,5,13100,4274
2023-03-12,435000,156,TOULOUSE,Maison,5,31000,2788
2023-05-17,470000,191,ORLEANS,Appartement,7,45000,2460
2024-05-26,340000,132,VALENCE,Appartement,5,26100,2575
2024-02-05,165000,139,LIMOGES,Maison,5,87280,1187
2024-05-03,200000,69,ROUEN,Appartement,3,76300,2898
2023-09-10,320000,175,LORIENT,Appartement,6,56100,1828
2023-10-08,190000,126,SAINT-ETIENNE,Maison,5,42000,1507
2023-07-17,235000,132,PERPIGNAN,Maison,5,66100,1780
2024-06-29,290000,107,ANGERS,Appartement,4,49000,2710
2023-11-20,790000,70,PARIS,Maison,3,75020,11285
2023-07-16,1290000,185,CANNES,Appartement,7,06400,6972
2023-10-01,270000,70,MARSEILLE,Maison,3,13006,3857
2024-01-16,330000,184,METZ,Appartement,7,57070,1793
2024-04-10,320000,164,ORLEANS,Appartement,5,45100,1951
2023-05-22,210000,120,NANCY,Maison,4,54000,1750
2023-07-17,305000,85,LILLE,Appartement,3,59160,3588
2023-10-27,75000,70,LIMOGES,Maison,3,87000,1071
2023-09-04,185000,92,ROUEN,Maison,5,76800,2010
2023-08-27,240000,70,AIX-EN-PROVENCE,Maison,4,13540,3428
2023-07-13,250000,151,QUIMPER,Maison,6,29000,1655
2023-10-18,260000,179,AMIENS,Maison,5,80080,1452
2024-04-03,190000,70,TOULOUSE,Maison,3,31200,2714
2024-04-25,315000,44,CANNES,Appartement,3,06400,7159
2023-07-05,155000,77,MULHOUSE,Maison,4,68100,2012
2024-01-12,680000,189,NANTES,Appartement,5,44300,3597
2024-02-13,170000,70,REIMS,Maison,3,51687,2428
2023-03-05,355000,124,TOULOUSE,Maison,7,31000,2862
2023-11-21,530000,101,MONTPELLIER,Appartement,4,34070,5247
2024-06-24,195000,186,BOURGES,Maison,6,18230,1048
2024-04-28,595000,147,TOULOUSE,Appartement,5,31200,4047
2024-05-04,465000,198,CLERMONT-FERRAND,Appartement,6,63000,2348
2023-01-05,175000,120,LIMOGES,Appartement,4,87100,1458
2024-01-25,225000,92,LORIENT,Appartement,4,56324,2445
2024-03-31,245000,100,VALENCE,Appartement,4,26000,2450
2023-09-24,800000,146,BORDEAUX,Appartement,5,33000,5479
2024-02-10,410000,96,GRENOBLE,Appartement,5,38700,4270
2023-12-02,215000,105,NANCY,Maison,5,54100,2047
2023-02-16,105000,43,ORLEANS,Appartement,3,45000,2441
2023-01-27,500000,40,PARIS,Appartement,3,75009,12500
2023-10-29,50000,28,QUIMPER,Appartement,2,29300,1785
2023-12-05,365000,193,PERPIGNAN,Maison,7,66000,1891
2023-08-13,275000,184,LIMOGES,Maison,5,87100,1494
2024-01-31,145000,96,SAINT-ETIENNE,Appartement,4,42000,1510
2023-06-04,50000,31,LIMOGES,Appartement,2,87000,1612
2024-02-14,210000,112,ANGERS,Maison,4,49000,1875
2023-04-07,380000,130,GRENOBLE,Maison,7,38700,2923
2024-06-20,1270000,121,PARIS,Maison,6,75006,10495
2024-01-31,380000,153,CHAMBERY,Maison,7,73000,2483
2024-05-11,55000,33,TROYES,Appartement,2,10150,1666
2023-09-28,450000,185,TOURS,Maison,7,37200,2432
2023-12-30,1460000,189,VERSAILLES,Appartement,7,78000,7724
2023-10-30,145000,75,PERPIGNAN,Maison,4,66000,1933
2024-05-31,520000,197,LILLE,Appartement,5,59160,2639
2023-09-19,125000,70,CAEN,Maison,3,14000,1785
2023-10-17,55000,27,MULHOUSE,Appartement,1,68200,2037
2023-10-03,1775000,145,PARIS,Appartement,6,75012,12241
2024-04-24,365000,177,PERPIGNAN,Appartement,5,66000,2062
2024-04-01,135000,70,MULHOUSE,Maison,3,68200,1928
2024-01-14,675000,128,CANNES,Maison,6,06150,5273
2023-06-17,385000,152,STRASBOURG,Maison,7,67000,2532
2024-04-23,335000,130,ROUEN,Appartement,7,76600,2576
2023-11-24,450000,196,DIJON,Appartement,5,21800,2295
2023-05-23,1465000,197,VERSAILLES,Appartement,5,78000,7436
2024-04-21,410000,155,CHAMBERY,Maison,6,73000,2645
2024-05-26,275000,120,DIJON,Maison,4,21121,2291
2023-08-04,70000,32,MULHOUSE,Appartement,2,68100,2187
2023-07-07,280000,191,AMIENS,Maison,5,80080,1465
2023-04-21,410000,193,PERPIGNAN,Maison,5,66100,2124
2023-03-20,340000,57,VERSAILLES,Appartement,3,78000,5964
2024-04-25,60000,40,BOURGES,Appartement,2,18230,1500
2023-09-03,260000,123,PERPIGNAN,Appartement,6,66000,2113
2023-02-24,315000,107,TOULOUSE,Maison,4,31200,2943
2023-12-21,140000,68,PERPIGNAN,Appartement,4,66000,2058
2024-04-01,340000,194,QUIMPER,Appartement,6,29000,1752
2023-11-30,1180000,130,PARIS,Maison,5,75007,9076
2023-03-18,575000,107,CANNES,Maison,5,06400,5373
2024-03-17,250000,165,SAINT-ETIENNE,Appartement,5,42000,1515
2023-05-21,440000,126,NANTES,Maison,6,44000,3492
2023-02-10,140000,52,TOURS,Appartement,3,37200,2692
2023-04-22,135000,105,LIMOGES,Maison,4,87000,1285
2023-12-04,530000,186,STRASBOURG,Maison,6,67000,2849
2024-02-14,290000,123,ANGERS,Appartement,6,49000,2357
2023-04-05,210000,65,CHAMBERY,Appartement,3,73000,3230
2024-02-26,1665000,151,PARIS,Appartement,5,75002,11026
2023-07-06,285000,122,CAEN,Maison,6,14000,2336
2023-11-10,485000,114,TOULOUSE,Appartement,4,31100,4254
2023-09-07,295000,146,QUIMPER,Appartement,5,29300,2020
2023-07-30,170000,96,QUIMPER,Maison,4,29000,1770
2023-07-26,390000,173,PERPIGNAN,Maison,5,66000,2254
2024-05-09,305000,165,CAEN,Maison,5,14200,1848
2023-07-04,470000,186,STRASBOURG,Maison,5,67200,2526
2023-02-22,500000,122,LYON,Maison,7,69005,4098
2024-02-13,445000,75,VERSAILLES,Maison,3,78150,5933
2023-09-30,220000,75,LILLE,Appartement,4,59000,2933
2023-04-10,355000,159,CLERMONT-FERRAND,Appartement,5,63370,2232
2023-08-24,275000,109,DIJON,Maison,5,21800,2522
2023-04-25,235000,141,AMIENS,Appartement,5,80080,1666
2023-07-16,335000,108,TOURS,Appartement,5,37000,3101
2023-08-12,390000,85,NICE,Maison,3,06200,4588
2024-06-23,620000,180,NANTES,Appartement,7,44000,3444
2023-07-23,550000,132,LYON,Maison,5,69003,4166
2024-01-07,140000,94,CLERMONT-FERRAND,Maison,4,63000,1489
2023-12-29,320000,80,MONTPELLIER,Maison,4,34090,4000
2023-05-19,280000,168,SAINT-ETIENNE,Maison,6,42000,1666
2024-04-28,265000,52,AIX-EN-PROVENCE,Appartement,2,13100,5096
2024-02-20,150000,120,BOURGES,Maison,4,18000,1250
2023-11-03,365000,191,METZ,Appartement,7,57100,1910
2023-07-18,375000,108,CHAMBERY,Appartement,4,73000,3472
2023-04-04,395000,109,MARSEILLE,Maison,4,13004,3623
2023-05-16,215000,121,LIMOGES,Appartement,7,87280,1776
2023-05-28,150000,70,TOURS,Maison,3,37200,2142
2023-07-01,155000,70,CHAMBERY,Maison,3,73000,2214
2023-02-14,165000,70,CHAMBERY,Maison,4,73100,2357
2023-11-05,595000,99,VERSAILLES,Appartement,5,78000,6010
2024-02-23,335000,101,TOULOUSE,Appartement,4,31100,3316
2023-03-31,365000,91,ANNECY,Maison,5,74600,4010
2023-04-04,220000,131,AMIENS,Appartement,5,80090,1679
2023-02-02,75000,45,MULHOUSE,Appartement,2,68100,1666
2023-10-27,365000,86,AIX-EN-PROVENCE,Appartement,3,13540,4244
2024-02-21,260000,120,NANCY,Maison,4,54000,2166
2023-05-18,275000,188,CLERMONT-FERRAND,Maison,7,63100,1462
2024-02-18,250000,83,ROUEN,Appartement,3,76800,3012
2024-01-29,595000,86,VERSAILLES,Appartement,4,78000,6918
2024-02-08,290000,146,ANGERS,Maison,6,49100,1986
2023-03-03,345000,126,LILLE,Maison,7,59777,2738
2024-06-04,910000,189,AIX-EN-PROVENCE,Maison,7,13100,4814
2023-11-23,135000,70,BREST,Maison,3,29200,1928
2023-05-14,270000,84,TOURS,Appartement,4,37200,3214
2024-03-13,95000,70,BOURGES,Maison,3,18000,1357
2024-05-30,275000,112,DIJON,Appartement,4,21000,2455
2024-01-19,260000,162,LIMOGES,Appartement,6,87280,1604
2024-06-20,550000,93,LYON,Appartement,5,69006,5913
2023-08-13,780000,146,NICE,Maison,6,06000,5342
2023-07-07,475000,166,GRENOBLE,Maison,5,38700,2861
2024-05-27,360000,129,CHAMBERY,Maison,6,73000,2790
2023-10-28,140000,70,BREST,Maison,3,29200,2000
2023-01-15,135000,109,BOURGES,Appartement,4,18000,1238
2024-04-24,330000,171,PERPIGNAN,Maison,6,66100,1929
2024-06-02,295000,135,BREST,Appartement,5,29490,2185
2024-05-29,270000,100,ROUEN,Appartement,5,76800,2700
2023-12-09,440000,70,VERSAILLES,Maison,3,78150,6285
2023-08-08,295000,131,ANGERS,Appartement,5,49000,2251
2024-01-02,130000,42,LILLE,Appartement,3,59777,3095
2024-01-13,80000,40,SAINT-ETIENNE,Appartement,3,42100,2000
2023-02-08,845000,143,NICE,Maison,7,06300,5909
2023-08-01,140000,70,CLERMONT-FERRAND,Maison,3,63370,2000
2024-04-21,735000,126,NICE,Appartement,6,06100,5833
2024-05-10,365000,187,BREST,Maison,6,29490,1951
2023-12-21,280000,149,BREST,Appartement,7,29200,1879
2023-08-04,225000,109,AMIENS,Appartement,5,80090,2064
2024-06-11,230000,70,TOULOUSE,Maison,3,31200,3285
2023-10-09,345000,107,RENNES,Maison,5,35000,3224
2024-03-26,530000,131,TOULOUSE,Appartement,7,31500,4045
2023-02-08,420000,153,LILLE,Appartement,7,59260,2745
2023-12-27,80000,40,AMIENS,Appartement,3,80000,2000
2024-02-25,295000,184,SAINT-ETIENNE,Appartement,6,42000,1603
2023-01-15,235000,118,METZ,Maison,5,57100,1991
2024-06-01,370000,110,TOULOUSE,Appartement,5,31400,3363
2023-12-10,135000,70,ORLEANS,Maison,3,45000,1928
2024-06-02,575000,198,CHAMBERY,Appartement,7,73100,2904
2024-04-16,115000,78,BREST,Maison,4,29200,1474
2023-03-12,230000,52,GRENOBLE,Appartement,2,38100,4423
2023-08-07,235000,75,TOULOUSE,Maison,3,31200,3133
2023-04-21,105000,70,SAINT-ETIENNE,Maison,3,42100,1500
2023-02-02,195000,126,QUIMPER,Appartement,5,29300,1547
2024-03-08,350000,104,NANTES,Appartement,5,44200,3365
2023-02-07,260000,142,BESANCON,Appartement,7,25030,1830
2024-03-17,300000,73,BORDEAUX,Appartement,3,33800,4109
2023-04-11,405000,110,CHAMBERY,Appartement,4,73000,3681
2024-05-11,360000,143,CHAMBERY,Maison,7,73000,2517
2023-03-21,145000,51,TOURS,Appartement,3,37000,2843
2023-06-18,190000,140,CLERMONT-FERRAND,Maison,6,63370,1357
2024-04-27,460000,138,GRENOBLE,Maison,5,38700,3333
2024-05-14,555000,130,MONTPELLIER,Appartement,5,34080,4269
2023-03-03,305000,120,ANGERS,Maison,5,49000,2541
2023-06-03,320000,175,SAINT-ETIENNE,Maison,5,42000,1828
2024-06-24,935000,153,LYON,Appartement,5,69007,6111
2023-09-28,275000,119,REIMS,Maison,4,51100,2310
2023-11-21,260000,155,QUIMPER,Maison,5,29300,1677
2024-03-27,825000,158,MONTPELLIER,Appartement,5,34090,5221
2024-04-21,370000,171,BREST,Appartement,5,29490,2163
2023-09-02,190000,70,STRASBOURG,Maison,3,67000,2714
2024-02-23,800000,198,GRENOBLE,Appartement,6,38700,4040
2024-05-06,240000,103,PERPIGNAN,Maison,5,66100,2330
2023-10-24,290000,70,MONTPELLIER,Maison,3,34000,4142
2023-05-03,715000,179,TOULOUSE,Appartement,6,31100,3994
2023-11-23,290000,189,SAINT-ETIENNE,Maison,5,42100,1534
2023-05-22,160000,35,GRENOBLE,Appartement,1,38100,4571
2023-07-16,505000,145,RENNES,Appartement,6,35000,3482
2023-05-09,210000,101,ROUEN,Maison,4,76800,2079
2023-06-10,275000,93,DIJON,Appartement,4,21800,2956
2023-03-18,330000,148,REIMS,Maison,5,51430,2229
2023-11-15,330000,165,MULHOUSE,Maison,5,68200,2000
2023-02-21,570000,124,LYON,Appartement,6,69008,4596
2024-02-12,155000,88,SAINT-ETIENNE,Appartement,4,42000,1761
2024-03-02,195000,70,ANGERS,Appartement,4,49000,2785
2023-06-22,860000,95,PARIS,Maison,4,75008,9052
2023-12-25,465000,96,MONTPELLIER,Appartement,5,34090,4843
2024-05-23,230000,160,AMIENS,Maison,7,80090,1437
2023-07-02,385000,152,VALENCE,Maison,6,26000,2532
2024-04-23,525000,124,AIX-EN-PROVENCE,Maison,7,13617,4233
2023-04-19,125000,72,MULHOUSE,Appartement,4,68100,1736
2023-03-29,540000,179,STRASBOURG,Appartement,5,67000,3016
2024-01-18,255000,158,PERPIGNAN,Maison,7,66000,1613
2023-07-23,220000,148,LIMOGES,Appartement,5,87000,1486
2024-02-01,50000,28,BESANCON,Appartement,1,25000,1607
2023-09-14,295000,170,NANCY,Maison,6,54100,1735
2023-03-18,170000,121,QUIMPER,Maison,5,29300,1404
2023-04-12,130000,70,BESANCON,Maison,3,25030,1857
2023-11-28,115000,54,SAINT-ETIENNE,Appartement,2,42000,2129
2023-12-21,370000,157,DIJON,Appartement,6,21000,2356
2023-03-16,310000,117,PERPIGNAN,Appartement,5,66100,2649
2024-03-05,255000,120,QUIMPER,Appartement,5,29000,2125
2023-05-07,175000,98,VALENCE,Maison,4,26100,1785
2023-04-29,195000,70,LILLE,Maison,3,59800,2785
2024-02-23,275000,138,REIMS,Maison,7,51100,1992
2023-04-02,1190000,151,CANNES,Appartement,5,06400,7880
2023-09-16,365000,117,MONTPELLIER,Maison,4,34070,3119
2024-04-13,250000,70,ANNECY,Maison,3,74600,3571
2024-06-08,315000,169,METZ,Maison,6,57000,1863
2023-09-18,100000,70,BESANCON,Maison,4,25056,1428
2023-08-01,415000,152,PERPIGNAN,Appartement,7,66100,2730
2023-04-21,65000,30,NANCY,Appartement,1,54000,2166
2024-03-07,80000,42,QUIMPER,Appartement,3,29000,1904
2024-05-25,300000,109,LILLE,Maison,4,59777,2752
2023-05-18,1000000,159,CANNES,Appartement,6,06150,6289
2024-01-06,245000,101,ANGERS,Appartement,5,49000,2425
2024-04-09,470000,87,VERSAILLES,Maison,4,78150,5402
2023-06-21,410000,93,ANNECY,Maison,4,74600,4408
2024-04-12,705000,117,VERSAILLES,Appartement,4,78150,6025
2023-05-04,185000,70,RENNES,Maison,3,35000,2642
2023-04-03,365000,81,ANNECY,Maison,3,74600,4506
2024-02-10,135000,56,REIMS,Appartement,2,51454,2410
2023-12-27,175000,103,BESANCON,Maison,4,25030,1699
2023-03-14,350000,118,GRENOBLE,Maison,4,38700,2966
2023-01-26,220000,169,TROYES,Maison,5,10150,1301
2023-03-14,350000,135,ANGERS,Maison,6,49000,2592
2023-09-25,65000,46,SAINT-ETIENNE,Appartement,2,42100,1413
2024-01-04,140000,70,PERPIGNAN,Maison,3,66100,2000
2024-02-11,170000,73,DIJON,Maison,3,21000,2328
2023-06-08,260000,115,CAEN,Appartement,5,14700,2260
2023-02-22,530000,74,VERSAILLES,Appartement,3,78000,7162
2023-05-21,785000,119,LYON,Appartement,5,69004,6596
2023-01-27,60000,26,METZ,Appartement,1,57100,2307
2024-01-20,205000,76,CHAMBERY,Maison,3,73000,2697
2024-06-14,230000,70,STRASBOURG,Maison,3,67200,3285
2023-11-01,665000,127,ANNECY,Appartement,7,74600,5236
2023-10-31,205000,71,TOURS,Appartement,3,37200,2887
2023-01-09,100000,70,LIMOGES,Maison,3,87000,1428
2023-10-13,790000,92,CANNES,Appartement,4,06150,8586
2024-01-26,395000,141,RENNES,Maison,5,35200,2801
2023-07-18,75000,34,BREST,Appartement,2,29490,2205
2023-12-10,280000,130,AMIENS,Appartement,6,80090,2153
2024-03-09,655000,126,VERSAILLES,Maison,7,78150,5198
2023-10-01,190000,150,AMIENS,Maison,5,80080,1266
2023-08-03,130000,70,BESANCON,Maison,4,25000,1857
2024-02-09,1125000,149,CANNES,Appartement,7,06400,7550
2023-11-23,195000,76,RENNES,Maison,3,35000,2565
2023-05-11,320000,140,ANGERS,Appartement,6,49100,2285
2023-07-07,150000,43,LILLE,Appartement,2,59800,3488
2023-11-02,130000,48,PERPIGNAN,Appartement,3,66000,2708
2023-12-20,380000,117,NANTES,Maison,5,44000,3247
2024-06-05,170000,110,QUIMPER,Maison,5,29300,1545
2024-04-24,205000,94,MULHOUSE,Appartement,5,68200,2180
2024-03-20,320000,102,CHAMBERY,Maison,5,73100,3137
2024-05-14,140000,112,AMIENS,Maison,5,80000,1250
2023-10-27,250000,95,CAEN,Appartement,4,14600,2631
2023-10-25,620000,158,LYON,Maison,7,69005,3924
2023-07-20,200000,112,QUIMPER,Appartement,5,29000,1785
2024-04-28,460000,110,BORDEAUX,Appartement,5,33000,4181
2023-10-20,565000,99,CANNES,Maison,4,06400,5707
2023-04-28,260000,135,AMIENS,Appartement,6,80090,1925
2023-11-28,575000,80,CANNES,Appartement,3,06400,7187
2023-04-02,280000,178,BESANCON,Maison,7,25000,1573
2023-06-04,225000,58,MONTPELLIER,Appartement,2,34000,3879
2024-03-09,315000,70,LYON,Maison,3,69005,4500
2024-02-10,665000,142,GRENOBLE,Appartement,5,38100,4683
2024-01-13,475000,68,NICE,Appartement,4,06000,6985
2024-03-19,215000,70,STRASBOURG,Maison,3,67000,3071
2023-04-03,610000,100,LYON,Appartement,4,69006,6100
2023-09-07,720000,122,NICE,Maison,5,06100,5901
2023-08-16,560000,145,STRASBOURG,Appartement,6,67000,3862
2024-03-20,500000,132,NANTES,Maison,6,44100,3787
2023-08-19,925000,192,ANNECY,Appartement,6,74600,4817
2024-01-28,315000,177,AMIENS,Maison,5,80000,1779
2024-05-20,240000,50,MARSEILLE,Appartement,3,13006,4800
2023-01-31,390000,166,VALENCE,Appartement,5,26100,2349
2024-02-10,110000,58,LIMOGES,Appartement,2,87100,1896
2023-05-04,740000,170,NANTES,Appartement,6,44000,4352
2023-09-10,75000,70,TROYES,Maison,3,10000,1071
2024-03-31,430000,196,CAEN,Maison,7,14600,2193
2023-08-26,50000,26,BOURGES,Appartement,1,18000,1346
2023-06-07,435000,198,LILLE,Maison,5,59260,2196
2023-05-13,395000,95,RENNES,Appartement,5,35200,4157
2023-09-06,470000,125,RENNES,Appartement,5,35200,3760
2023-01-07,235000,113,VALENCE,Maison,4,26000,2079
2023-06-29,460000,147,RENNES,Appartement,7,35000,3129
2023-01-14,110000,66,BOURGES,Appartement,4,18230,1666
2023-09-20,160000,116,TROYES,Maison,4,10000,1379
2024-05-27,280000,64,AIX-EN-PROVENCE,Appartement,4,13290,4375
2023-10-24,210000,70,CHAMBERY,Maison,3,73100,3000
2023-11-24,530000,180,RENNES,Maison,5,35700,2944
2023-07-14,1085000,198,CANNES,Maison,5,06150,5479
2023-06-01,465000,177,ORLEANS,Appartement,6,45000,2627
2024-05-22,310000,123,CAEN,Appartement,7,14600,2520
2024-01-09,120000,46,ORLEANS,Appartement,3,45100,2608
2024-03-17,405000,49,CANNES,Appartement,2,06150,8265
2023-04-21,85000,70,SAINT-ETIENNE,Maison,3,42100,1214
2023-12-18,130000,70,METZ,Maison,4,57100,1857
2023-10-17,380000,70,NICE,Maison,4,06100,5428
2023-12-20,75000,32,CAEN,Appartement,1,14600,2343
2023-09-21,250000,67,GRENOBLE,Appartement,4,38700,3731
2023-03-09,395000,178,METZ,Maison,6,57070,2219
2023-04-06,215000,61,LILLE,Appartement,4,59777,3524
2024-02-13,420000,107,MARSEILLE,Appartement,5,13001,3925
2023-10-26,145000,70,METZ,Maison,3,57070,2071
2024-04-03,285000,70,MARSEILLE,Maison,3,13013,4071
2024-04-30,190000,78,VALENCE,Maison,3,26000,2435
2024-05-09,405000,195,ORLEANS,Maison,7,45000,2076
2023-06-05,345000,101,MARSEILLE,Maison,4,13004,3415
2023-11-09,95000,70,QUIMPER,Maison,3,29300,1357
2023-03-18,240000,116,DIJON,Maison,5,21240,2068
2023-08-26,900000,163,BORDEAUX,Appartement,7,33000,5521
2023-12-01,130000,62,ROUEN,Appartement,4,76800,2096
2024-04-19,145000,40,MARSEILLE,Appartement,3,13003,3625
2023-09-16,440000,193,TOURS,Appartement,5,37100,2279
2023-08-25,395000,180,QUIMPER,Appartement,5,29000,2194
2023-11-13,235000,152,LIMOGES,Maison,6,87280,1546
2023-10-29,145000,70,VALENCE,Maison,3,26000,2071
2023-03-13,390000,179,LORIENT,Maison,7,56324,2178
2023-05-06,135000,70,REIMS,Maison,3,51454,1928
2023-03-07,340000,175,PERPIGNAN,Appartement,7,66100,1942
2023-10-05,560000,124,LYON,Maison,6,69002,4516
2024-05-07,165000,100,LIMOGES,Appartement,4,87000,1650
2023-03-25,655000,137,AIX-EN-PROVENCE,Maison,6,13617,4781
2024-03-28,340000,70,AIX-EN-PROVENCE,Maison,3,13290,4857
2023-07-22,1465000,194,CANNES,Maison,5,06400,7551
2023-03-28,150000,86,SAINT-ETIENNE,Maison,4,42000,1744
2024-06-25,385000,105,RENNES,Maison,4,35700,3666
2023-07-12,320000,99,MONTPELLIER,Maison,4,34070,3232
2023-12-22,335000,89,TOULOUSE,Appartement,4,31100,3764
2023-04-12,305000,79,GRENOBLE,Appartement,3,38100,3860
2023-08-05,280000,94,TOURS,Appartement,5,37100,2978
2024-02-26,405000,168,ROUEN,Maison,5,76000,2410
2023-03-21,335000,69,BORDEAUX,Appartement,3,33300,4855
2024-03-01,520000,199,PERPIGNAN,Appartement,5,66100,2613
2023-11-24,80000,31,ROUEN,Appartement,1,76800,2580
2024-06-07,315000,157,TOURS,Maison,6,37100,2006
2023-11-04,185000,99,CLERMONT-FERRAND,Maison,4,63000,1868
2023-07-21,675000,120,VERSAILLES,Maison,4,78150,5625
2024-05-09,55000,33,TROYES,Appartement,1,10000,1666
2023-09-24,85000,30,DIJON,Appartement,1,21800,2833
2023-07-02,335000,156,REIMS,Maison,7,51687,2147
2023-10-22,165000,70,LORIENT,Appartement,4,56324,2357
2023-10-20,160000,70,LILLE,Maison,3,59260,2285
2024-02-15,315000,70,BORDEAUX,Maison,3,33100,4500
2024-01-25,220000,106,PERPIGNAN,Appartement,5,66000,2075
2024-05-03,600000,162,NANTES,Maison,7,44100,3703
2024-01-21,215000,70,LILLE,Maison,3,59260,3071
2023-05-23,225000,100,VALENCE,Maison,5,26000,2250
2024-01-07,685000,146,NANTES,Appartement,7,44200,4691
2023-08-01,800000,129,LYON,Appartement,5,69004,6201
2023-10-30,75000,56,BOURGES,Appartement,3,18000,1339
2024-02-28,325000,120,RENNES,Maison,4,35200,2708
2023-05-27,140000,106,AMIENS,Maison,5,80000,1320
2023-03-01,120000,79,QUIMPER,Appartement,4,29300,1518
2024-02-13,260000,152,MULHOUSE,Appartement,7,68100,1710
2023-10-10,660000,165,MARSEILLE,Appartement,5,13003,4000
2023-06-12,570000,123,VERSAILLES,Maison,6,78150,4634
2023-10-25,765000,85,PARIS,Maison,3,75014,9000
2023-03-26,225000,111,VALENCE,Appartement,5,26100,2027
2023-12-19,535000,142,CHAMBERY,Appartement,6,73100,3767
2023-07-24,215000,74,ROUEN,Appartement,3,76000,2905
2023-10-25,1150000,92,PARIS,Appartement,4,75010,12500
2023-02-06,100000,70,SAINT-ETIENNE,Maison,3,42000,1428
2024-04-18,180000,131,AMIENS,Maison,6,80090,1374
2023-10-02,255000,171,QUIMPER,Maison,7,29300,1491
2024-05-21,340000,159,METZ,Appartement,7,57100,2138
2024-05-18,415000,188,CHAMBERY,Maison,7,73000,2207
2024-01-14,665000,180,NANTES,Maison,7,44200,3694
2023-10-07,480000,144,TOULOUSE,Appartement,5,31400,3333
2024-04-18,280000,153,PERPIGNAN,Maison,7,66000,1830
2023-12-27,295000,139,REIMS,Maison,5,51687,2122
2023-06-29,185000,88,NANCY,Maison,3,54100,2102
2023-04-28,125000,70,VALENCE,Maison,3,26000,1785
2024-02-29,460000,173,GRENOBLE,Maison,5,38000,2658
2023-11-13,140000,88,AMIENS,Maison,3,80080,1590
2023-11-25,240000,70,NANTES,Maison,3,44000,3428
2024-02-14,340000,190,LORIENT,Appartement,5,56100,1789
2023-08-06,145000,82,PERPIGNAN,Maison,4,66100,1768
2023-05-22,175000,145,TROYES,Appartement,5,10150,1206
2024-02-16,760000,166,ANNECY,Maison,5,74000,4578
2023-01-30,205000,137,LIMOGES,Appartement,6,87000,1496
2024-04-03,590000,156,RENNES,Appartement,5,35000,3782
2024-04-28,405000,108,STRASBOURG,Appartement,4,67200,3750
2023-11-14,425000,127,STRASBOURG,Appartement,7,67100,3346
2023-05-12,620000,179,GRENOBLE,Maison,7,38100,3463
2023-06-18,140000,82,SAINT-ETIENNE,Maison,3,42100,1707
2023-08-03,530000,133,LYON,Maison,7,69001,3984
2023-11-15,150000,86,AMIENS,Appartement,4,80080,1744
2024-05-09,390000,105,BORDEAUX,Maison,4,33100,3714
2023-03-21,115000,70,ORLEANS,Maison,3,45000,1642
2023-03-14,530000,157,GRENOBLE,Maison,5,38000,3375
2023-09-12,110000,47,REIMS,Appartement,2,51100,2340
2024-05-07,290000,76,MONTPELLIER,Maison,3,34090,3815
2023-08-05,540000,151,GRENOBLE,Appartement,5,38100,3576
2024-02-23,495000,149,TOULOUSE,Maison,7,31000,3322
2024-03-09,60000,31,SAINT-ETIENNE,Appartement,1,42000,1935
2023-08-21,75000,32,MULHOUSE,Appartement,1,68100,2343
2023-05-15,385000,129,CHAMBERY,Appartement,5,73100,2984
2023-06-17,80000,30,ANGERS,Appartement,2,49100,2666
2024-03-17,630000,161,AIX-EN-PROVENCE,Maison,6,13540,3913
2024-02-25,525000,119,NANTES,Appartement,5,44300,4411
2023-05-27,310000,196,CLERMONT-FERRAND,Maison,6,63000,1581
2024-05-04,335000,83,BORDEAUX,Appartement,4,33100,4036
2023-10-24,145000,53,DIJON,Appartement,2,21000,2735
2024-03-25,190000,70,STRASBOURG,Maison,3,67000,2714
2023-10-27,200000,106,REIMS,Maison,5,51430,1886
2024-01-23,690000,152,AIX-EN-PROVENCE,Maison,7,13100,4539
2023-03-24,205000,77,TOULOUSE,Maison,3,31200,2662
2023-01-07,245000,112,LILLE,Maison,5,59000,2187
2023-03-03,85000,33,ANGERS,Appartement,2,49100,2575
2023-08-09,455000,148,TOURS,Appartement,5,37100,3074
2024-04-10,175000,70,REIMS,Maison,3,51100,2500
2024-03-14,380000,152,REIMS,Maison,7,51454,2500
2023-10-02,160000,85,ANGERS,Maison,4,49000,1882
2024-06-12,635000,152,MARSEILLE,Maison,5,13007,4177
2024-04-30,485000,157,LILLE,Appartement,7,59160,3089
2024-06-03,255000,132,NANCY,Maison,6,54000,1931
2023-03-02,50000,27,MULHOUSE,Appartement,2,68100,1666
2024-05-05,475000,194,STRASBOURG,Maison,6,67200,2448
2023-11-12,865000,189,GRENOBLE,Appartement,5,38000,4576
2023-01-05,130000,70,VALENCE,Maison,3,26100,1857
2023-02-28,450000,70,NICE,Maison,3,06200,6428
2023-04-13,835000,150,BORDEAUX,Appartement,7,33300,5566
2023-09-14,1645000,139,PARIS,Appartement,6,75010,11834
2023-01-17,610000,72,CANNES,Appartement,4,06400,8472
2023-07-24,70000,50,BOURGES,Appartement,2,18230,1400
2023-02-18,580000,123,LYON,Maison,6,69005,4715
2023-10-02,225000,101,LORIENT,Maison,5,56324,2227
2023-02-08,495000,164,TOULOUSE,Maison,6,31000,3018
2023-04-25,155000,90,CLERMONT-FERRAND,Maison,4,63100,1722
2023-02-14,280000,99,RENNES,Maison,5,35700,2828
2023-03-09,1125000,158,CANNES,Maison,6,06150,7120
2024-01-11,380000,111,GRENOBLE,Maison,5,38100,3423
2024-01-25,380000,142,REIMS,Appartement,7,51454,2676
2024-02-24,630000,200,GRENOBLE,Maison,6,38000,3150
2024-02-01,390000,70,VERSAILLES,Maison,3,78150,5571
2023-06-10,730000,159,MONTPELLIER,Maison,7,34080,4591
2023-11-06,165000,102,LIMOGES,Maison,4,87000,1617
2024-04-27,65000,36,AMIENS,Appartement,3,80080,1805
2023-09-27,270000,70,MARSEILLE,Maison,3,13002,3857
2024-02-23,465000,125,TOULOUSE,Appartement,7,31500,3720
2023-04-28,255000,70,GRENOBLE,Maison,3,38700,3642
2024-03-05,915000,190,BORDEAUX,Maison,6,33300,4815
2023-10-02,615000,111,VERSAILLES,Appartement,5,78000,5540
2023-09-17,570000,155,GRENOBLE,Maison,5,38100,3677
2023-05-08,290000,170,BESANCON,Maison,7,25056,1705
2023-09-01,705000,187,STRASBOURG,Appartement,7,67200,3770
2023-05-07,165000,75,METZ,Appartement,3,57000,2200
2023-11-08,360000,181,CLERMONT-FERRAND,Appartement,6,63000,1988
2024-03-24,215000,91,ORLEANS,Maison,5,45100,2362
2024-04-29,825000,132,VERSAILLES,Appartement,5,78000,6250
2023-09-05,60000,25,MULHOUSE,Appartement,1,68200,2400
2023-03-13,115000,81,LIMOGES,Maison,4,87000,1419
2024-06-18,80000,70,TROYES,Maison,3,10150,1142
2023-02-19,530000,163,TOURS,Appartement,7,37000,3251
2023-05-28,520000,126,ANNECY,Maison,5,74600,4126
2024-04-19,190000,81,PERPIGNAN,Maison,4,66100,2345
2024-02-25,575000,101,LYON,Appartement,5,69005,5693
2024-04-14,315000,186,LIMOGES,Appartement,5,87280,1693
2023-10-27,1930000,140,PARIS,Appartement,6,75007,13785
2023-06-09,295000,192,AMIENS,Appartement,5,80090,1536
2024-05-18,565000,148,AIX-EN-PROVENCE,Maison,7,13617,3817
2024-01-17,115000,42,DIJON,Appartement,2,21240,2738
2023-12-20,335000,159,BREST,Maison,6,29200,2106
2023-07-16,380000,70,NICE,Maison,3,06100,5428
2023-10-16,205000,70,LILLE,Maison,3,59800,2928
2024-05-30,280000,194,LIMOGES,Maison,5,87000,1443
2024-02-12,160000,90,BESANCON,Appartement,3,25056,1777
2024-01-01,65000,40,LIMOGES,Appartement,3,87100,1625
2023-05-25,115000,70,MULHOUSE,Maison,3,68200,1642
2023-03-16,1600000,171,PARIS,Maison,7,75016,9356
2023-03-19,130000,70,VALENCE,Maison,3,26000,1857
2024-03-01,220000,71,STRASBOURG,Appartement,4,67200,3098
2024-05-19,1115000,140,CANNES,Appartement,7,06400,7964
2023-04-29,220000,112,ORLEANS,Maison,5,45100,1964
2023-02-09,240000,146,QUIMPER,Maison,6,29000,1643
2023-08-08,265000,86,CHAMBERY,Maison,3,73100,3081
2023-08-30,50000,26,QUIMPER,Appartement,1,29300,1538
2023-06-25,295000,181,MULHOUSE,Maison,7,68100,1629
2023-03-19,785000,200,BORDEAUX,Appartement,5,33800,3925
2023-10-07,390000,138,VALENCE,Appartement,5,26100,2826
2023-03-17,445000,198,CLERMONT-FERRAND,Appartement,7,63370,2247
2023-02-04,1930000,184,PARIS,Maison,7,75015,10489
2024-06-30,280000,95,LILLE,Appartement,4,59000,2947
2024-06-30,420000,140,BORDEAUX,Maison,5,33000,3000
